species,CPIC,,,,,,,,,,,,,,,
,,,,,,,,,,,,,,,,
Count of recap,Column Labels,,,,,,,,,,,,,,,
Row Labels,A,C,D,E,F,G,H,I,J,K,L,M,N,O,Grand Total,
5,,,,,,,,,,1,,,,,1,
6,,1,,,,,,,,,,,,,1,
8,,,,,,,,,,1,,,,,1,
11,,,,,,,,,,1,,,,,1,
17,2,,,,,,,,,,,,,,2,
18,1,,,,,,,,,,,,,,1,
23,1,,,,,,,,,,,,,,1,
24,2,,,,,,,,,,,,,,2,
26,1,,,,,,,,,,,,,,1,
27,1,,,,,,,,,,,,,,1,
30,2,,,,,,,,,,,,,,2,
34,1,,,,,,,,,,,,,,1,
36,,1,,,,,,,,,,,,,1,
37,1,,,,,,,,,,,,,,1,
42,1,,,,,,,,,,,,,,1,
44,1,,,,,,,,,,,,,,1,
46,1,,,,,,,,,,,,,,1,
47,2,,,,,,,,,,,,,,2,
48,,1,,,,,,,,,,,,,1,
49,,,,,,,,,1,,,,,,1,
50,1,,,,,,,,,,,,,,1,
51,,1,,,,,,,,,,,,,1,
52,,1,,,,,,,,,,,,,1,
54,,1,,,,,,,,,,,,,1,
56,,1,,,,,,,,,,,,,1,
57,,1,,,,,,,,,,,,,1,
60,,2,,,,,,,,,,,,,2,
63,,2,,,,,,,,,,,,,2,
64,,1,,,,,,1,,,,,,,2,Site I
65,,1,,,,,,,,,,,,,1,
67,,1,,,,,,,,,,,,,1,
70,2,,,,,,,,,,,,,,2,
71,2,,,,,,,,1,,,,,,3,
72,3,,,,,,,,,,,,,,3,
73,1,,,,,,,,,,,,,,1,
74,2,,,,,,,,,,,,,,2,
75,,1,,,,,,,,,,,,,1,
76,1,,,,,,,,,,,,,,1,
77,1,,,,,,,,,,,,,,1,
78,1,,,,,,,,,,,,,,1,
79,1,,,,,,,,,,,,,,1,
81,,1,,,,,,,,,,,,,1,
82,,,,1,,,,,,,,,,,1,
83,,,,,1,,,,,,,,,,1,
84,,,,1,,,,,,,,,,,1,
85,,,,1,,,,,,,,,,,1,
86,,,,,1,,,,,,,,,,1,
87,,,,1,,,,,,,,,,,1,
88,,,,,,,,,1,,,,,,1,
89,,,,,,,,,,,1,,,,1,
90,2,,,,,,,,,,,,,,2,
91,,,,1,,,,,,,,,,,1,
93,,,,,1,,,,,,,,,,1,
94,,,,1,,,,,,,,,,,1,
95,,,,,1,,,,,,,,,,1,
96,,,,,1,,,,,,,,,,1,
97,,,,1,,,,,,,,,,,1,
98,,,,,,,,,,,2,,,,2,
99,,,,,,,,,,,2,,,,2,
100,2,,,,,,,,,,,,,,2,
101,1,,,,,,,,,,,,,,1,
102,1,,,,,,,,,,,,,,1,
103,,,,2,,,,,,,,,,,2,
104,1,,,,,,,,,,,,,,1,
105,,,,1,,,,,,,,,,,1,
106,1,,,,,,,,,,,,,,1,
107,1,,,,,,,,,,,,,,1,
109,,,,,,,,,,,1,,,,1,
110,1,,,,,,,,,,,,,,1,
111,,,1,,,,,,,,,,,,1,
112,,,1,,,,,,,,,,,,1,
113,,,,1,,,,,,,,,,,1,
114,,,1,,,,,,,,,,,,1,
115,,,,1,,,,,,,,,,,1,
116,,,,,1,,,,,,,,,,1,
117,,,,1,,,,,,,,,,,1,
118,,,,,,,,,,1,,,,,1,
119,,,,,,,,,,1,,,,,1,
120,2,,,,,,,,,,,,,,2,
121,,1,,,,,,,,,,,,,1,
122,,,,1,,,,,,,,,,,1,
123,,,,1,,,,,,,,,,,1,
124,,,1,,,,,,,,,,,,1,
125,,,,1,,,,,,,,,,,1,
126,,,,,2,,,,,,,,,,2,
127,,,,1,,,,,,,,,,,1,
128,,,,,,,,,,,1,,,,1,
129,,,,,,,,,,,1,,,,1,
130,,1,,,,,,,,,,,,,1,
131,,,,,1,,,,,,,,,,1,
132,,,,,2,,,,,,,,,,2,
133,,,,,2,,,,,,,,,,2,
134,,,,,2,,,,,,,,,,2,
135,,,,,1,,,,,,,,,,1,
137,,,,,,,,,,1,,,,,1,
138,,,,,,,,,,1,,,,,1,
139,,,,,,,,,,2,,,,,2,
140,1,,,,,,,,,,,,,,1,
141,,,1,,,,,,,,,,,,1,
142,,,1,,,,,,,,,,,,1,
143,,,,,1,,,,,,,,,,1,
144,,,1,,,,,,,,,,,,1,
145,,,,,1,,,,,,,,,,1,
146,,,,1,,,,,,,,,,,1,
148,,,,,,,,,,1,,,,,1,
149,,,,,,,,,,1,,,,,1,
150,,,,2,,,,,,,,,,,2,
151,,,,,2,,,,,,,,,,2,
152,,,,,1,,,,,,,,,,1,
153,,,,,1,,,,,,,,,,1,
154,,,,,1,,,,,,,,,,1,
155,,,,,1,,,,,,,,,,1,
156,,,,,1,,,,,,,,,,1,
157,,,,,,,,,,1,,,,,1,
158,,,,,,,,,,1,,,,,1,
159,,,,,,,,,,1,,,,,1,
160,,,,1,,,,,,,,,,,1,
161,,,,,,,,,,,,,2,,2,
162,,,,,,,,,,,,,2,,2,
163,,,,,,,,,,,,,3,,3,
164,,,,,,,,,,,,,1,,1,
165,,,,,,,,,,,,,1,,1,
166,,,,,,,,,,,,,1,,1,
167,,,,,,,,,,,,,1,,1,
170,1,,,,,,,,,,,,,,1,
171,,,,,1,,,,,,,,,,1,
172,,,,,1,,,,,,,,,,1,
173,,,,,1,,,,,,,,,,1,
174,,,,,1,,,,,,,,,,1,
175,,,,,1,,,,,,,,,,1,
176,,,,,1,,,,,,,,,,1,
177,,,,,,,,,1,,,,,,1,
179,,,,,,,,,,,,1,,,1,
180,,,,,1,,,,,,,,,,1,
181,,,,,1,,,,,,,,,,1,
182,,,,,2,,,,,,,,,,2,
183,,,,,,,,,1,,,,,,1,
184,,,,,1,,,,,,,,,,1,
185,,,,,,,,,1,,,,,,1,
186,,,,,,,,,,2,,,,,2,
188,,,,,,,,,,1,,,,,1,
190,,,,1,,,,,,,,,,,1,
191,,,,,1,,,,,,,,,,1,
192,,,,,1,,,,,,,,,,1,
193,,,,,1,,,,,,,,,,1,
194,,,,,1,,,,,,,,,,1,
195,,,,,,,,,1,,,,,,1,
196,,,,,,,,,1,,,,,,1,
197,,,,,,,,,,1,,,,,1,
198,,,,,,,,,1,,,,,,1,
199,,,,,,,,,,,,1,,,1,
200,1,,,,,,,,,,,,,,1,
201,,1,,,,,,1,,,,,,,2,
202,,1,,,,,,,,,,,,,1,
203,,,,,1,,,,,,,,,,1,
204,,1,,,,,,,,,1,,,,2,
205,,,,,2,,,,,,,,,,2,
206,,,,,1,,,,,,,,,,1,
207,,1,,,,,,1,,,,,,,2,
209,,,,,,,,,,,1,,,,1,
210,,,1,,,,,,,,,,,,1,
211,,,,1,,,,,,,,,,,1,
212,,,,1,,,,,,,,,,,1,
213,,,,,1,,,,,,,,,,1,
214,,,,1,,,,,,,,,,,1,
215,,,,,1,,,,,,,,,,1,
216,,,,,1,,,,,,,,,,1,
217,,,,,,,,,1,,,,,,1,
218,,,,,,,,,,,1,,,,1,
219,,,,,,,,,,,1,,,,1,
220,,,1,,,,,,,,,,,,1,
221,,,,2,,,,,,,,,,,2,
222,,,2,,,,,,,,,,,,2,
223,,,,,1,,,,,,,,,,1,
224,,,1,,,,,,,,,,,,1,
225,,,,,2,,,,,,,,,,2,
226,,,,,,,,,1,,,,,,1,
227,,,,,,,,,1,,,,,,1,
232,,,,,1,,,,,,,,,,1,
234,,,,,,1,,,,,,,,,1,
235,,,,,,,,,1,,,,,,1,
236,,,,,,,,,1,,,,,,1,
238,,,,,,,,,,,,1,,,1,
240,,,2,,,,,,,,,,,,2,
241,,,1,,,,,,,,,,,,1,
242,,,1,,,,,,,,,,,,1,
243,,,,,,,,1,,,,,,,1,
244,,,1,,,,,,,,,,,,1,
245,,,,,,,,1,,,,,,,1,
246,,,,,,,,,1,,,,,,1,
247,,,,2,,,,,,,,,,,2,
248,,,,,,,,,,,1,,,,1,
249,,,,,,,,,,,1,,,,1,
250,,,,1,,,,,,,,,,,1,
251,,,,,,,,1,,,,,,,1,
252,,,,,,,,1,,,,,,,1,
253,,,,,,,,,,,,1,,,1,
254,,,,,,,,1,,,,,,,1,
255,,,,,,,,,,,,1,,,1,
258,,,,,,,,,,,,1,,,1,
260,,1,,,,,,,,,,,,,1,
261,,,,,,,,,1,,,,,,1,
263,,,,,,,,,2,,,,,,2,
264,,,,,,,,1,,,,,,,1,
266,,,,,,,,,2,,,,,,2,
267,,,,,,,,,,,,1,,,1,
270,,,1,,,,,,,,,,,,1,
271,,,,,1,,,,,,,,,,1,
272,,,,,1,,,,,,,,,,1,
273,,,,,1,,,,,,,,,,1,
274,,,,,1,,,,,,,,,,1,
275,,,,,,,,,1,,,,,,1,
276,,,,,,,,1,,,,,,,1,
277,,,,,,,,,1,,,,,,1,
280,,,,,1,,,,,,,,,,1,
281,,,,,,,,,1,,,,,,1,
282,,,,,1,,,,,,,,,,1,
284,,,,,1,,,,,,,,,,1,
287,,,,,,,,1,,,,,,,1,
290,,,,,1,,,,,,,,,,1,
291,,,,,,,,,2,,,,,,2,
292,,,,,,,,,1,,,,,,1,
294,,,,,,,,,1,,,,,,1,
299,,,,,,,,,,,,,1,,1,
300,2,,,,,,,,,,,,,,2,
301,,,,,1,,,,,,,,,,1,
302,,,,,1,,,,,,,,,,1,
303,,,,,,,,,2,,,,,,2,
304,,,,,1,,,,,,,,,,1,
305,,,,,,1,,,,,,,,,1,
306,,,,,,,,,1,,,,,,1,
307,,,,,,,,,1,,,,,,1,
308,,,,,,,,,,,1,,,,1,
309,,,,,,,,,,,,1,,,1,
310,,,,,2,,,,,,,,,,2,
311,,,,,,,1,,,,,,,,1,
312,,,,,,,1,,,,,,,,1,
313,,,,,,,,,,,,1,,,1,
314,,,,,,,,,1,,,,,,1,
315,,,,,,,,,1,,,,,,1,
316,,,,,,,,,1,,,,,,1,
320,,1,,,,,,,,,,,,,1,
321,,,,1,,,,,,,,,,,1,
322,,,,,,,,,1,,,,,,1,
323,,,,,,,,,2,,,,,,2,
324,,,,,,,,,1,,,,,,1,
326,,,,,,,,,1,,,,,,1,
327,,,,,,,,,,,,1,,,1,
328,,,,,,,,,,,,1,,,1,
330,,,,,1,,,,,,,,,,1,
331,,,,,,,,,1,,,,,,1,
332,,,,,,,,,1,,,,,,1,
333,,,,,,,,,,,,1,,,1,
334,,,,,,,,,1,,,,,,1,
335,,,,,,,,,,,,1,,,1,
337,,,,,,,,,,,,1,,,1,
338,,,,,,,,,,,,1,,,1,
339,,,,,,,,,,,,1,,,1,
341,,,,,1,,,,,,,,,,1,
342,,,,2,,,,,,,,,,,2,
343,,,,,,,,,,,,1,,,1,
344,,,,2,,,,,,,,,,,2,
345,,,,,,,,,,1,,,,,1,
346,,,,,,,,,,1,,,,,1,
347,,,,,,,,,,2,,,,,2,
348,,,,,,,,,,,,1,,,1,
349,,,,,,,,,,,,1,,,1,
350,,,,1,,,,,,,,,,,1,
351,,,,,,,,,,,,1,,,1,
352,,,,,,,,,,,,1,,,1,
353,,,,,,,,,,,,1,,,1,
354,,,,,,,,,,,,1,,,1,
355,,,,,,,,,,,,1,,,1,
356,,,,,,,,,,,,1,,,1,
357,,,,,,,,,,,,1,,,1,
358,,,,,,,,,,,,1,,,1,
359,,,,,,,,,,,,1,,,1,
360,,,,,,,,,1,,,,,,1,
362,,,,,,,,,1,,,,,,1,
363,,,,,,,,,,,,1,,,1,
364,,,,,,,,,1,,,,,,1,
365,,,,,,,,,,,,1,,,1,
366,,,,,,,,,,,,1,,,1,
367,,,,,,,,,,,,1,,,1,
368,,,,,,,,,,,,1,,,1,
369,,,,,,,,,,,,1,,,1,
370,,,,,1,,,,,,,,,,1,
371,,,,,1,,,,,,,,,,1,
372,,,,,1,,,,,,,,,,1,
373,,,,,,,,,,,,1,,,1,
374,,,,,,,1,1,,,,,,,2,
375,,,,,,,,,,1,,,,,1,
376,,,,,,,,,,,,1,,,1,
377,,,,,,,,,,1,,,,,1,
378,,,,,,,,,,,,1,,,1,
379,,,,,,,,,,,,1,,,1,
380,,,,,,,,,1,,,,,,1,
381,,,,,,,,,,1,,,,,1,
382,,,,,,,,,,,,2,,,2,
383,,,,,,,,,,,,1,,,1,
384,,,,,,,,,,,,1,,,1,
385,,,,,,,,,,,,1,,,1,
386,,,,,,,,,,,,1,,,1,
387,,,,,,,,,,,,1,,,1,
388,,,,,,,,,,,,1,,,1,
389,,,,,,,,,,,,1,,,1,
390,,,,,,,,,1,,,,,,1,
391,,,,,,,,,,,,1,,,1,
392,,,,,,,,,,,,2,,,2,
393,,,,,,,,,,,,1,,,1,
394,,,,,,,,,,,,2,,,2,
395,,,,,,,,,,,,1,,,1,
396,,,,,,,,,,,,1,,,1,
397,,,,,,,,,,,,1,,,1,
398,,,,,,,,,,,,1,,,1,
399,,,,,,,,,,,,1,,,1,
400,,1,,,,,,,,,,,,,1,
401,,,1,,,,,,,,,,,,1,
402,,,1,,,,,,,,,,,,1,
403,,,,1,,,,,,,,,,,1,
404,,,1,,,,,,,,,,,,1,
405,,,,,1,,,,,,,,,,1,
406,,,,,1,,,,,,,,,,1,
407,,,1,,,,,,,,,,,,1,
408,,,,,,,,,1,,,,,,1,
409,,,,,,,,,1,,,,,,1,
410,,1,,,,,,1,,,,,,,2,
411,,,,1,,,,,,,,,,,1,
412,,,,1,,,,,,,,,,,1,
413,,,,,,,,,1,,,,,,1,
414,,,,1,,,,,,,,,,,1,
415,,,,,,,,,1,,,,,,1,
416,,,,,,,,,1,,,,,,1,
417,,,,,,,,,1,,,,,,1,
418,,,,,,,,,1,,,,,,1,
419,,,,,,,,,,1,,,,,1,
420,,1,,,,,,,,,,,,,1,
421,,,,2,,,,,,,,,,,2,
422,,,,,1,,,,,,,,,,1,
423,,,,,,1,,,,,,,,,1,
424,,,,1,,,,,,,,,,,1,
425,,,,,,,,,1,,,,,,1,
426,,,,,,,,,1,,,,,,1,
427,,,,,,,,,1,,,,,,1,
428,,,,,,,,,,,1,,,,1,
429,,,,,,,,,,,2,,,,2,
430,,1,,,,,,1,,,,,,,2,
431,,,,,,,,,1,,,,,,1,
432,,,,,,,,,1,,,,,,1,
433,,,,,,,,,,,,1,,,1,
434,,,,,,,,,1,,,,,,1,
435,,,,,,,,,,,,1,,,1,
436,,,,,,,,,,,1,,,,1,
437,,,,,,,,,,1,,,,,1,
438,,,,,,,,,,,,1,,,1,
439,,,,,,,,,,,,1,,,1,
440,,1,,,,,,,,,,,,,1,
441,,,,1,,,,,,,,,,,1,
442,,1,,,,,,,,,,,,,1,
443,,,,,,,,,1,,,,,,1,
444,,,1,,,,,,,,,,,,1,
445,,,,,,,,,1,,,,,,1,
446,,,,,,,,,,1,,,,,1,
447,,,,,,,,,1,,,,,,1,
449,,,,,,,,,,1,,,,,1,
450,,,,,1,,,,,,,,,,1,
451,,,,,,,,,1,,,,,,1,
452,,,,,,,,,1,,,,,,1,
453,,,,,,,,,,,,1,,,1,
454,,,,,,,,,1,,,,,,1,
455,,,,,,,,,,,,1,,,1,
456,,,,,,,,,,,,1,,,1,
457,,,,,,,,,,,,1,,,1,
458,,,,,,,,,,,,2,,,2,
459,,,,,,,,,,,,1,,,1,
460,,1,,,,,,,,,,,,,1,
461,,,,,,,,,1,,,,,,1,
462,,,,,,,,,1,,,,,,1,
463,,,,,,,,,,,,1,,,1,
464,,,,,,,,,1,,,,,,1,
465,,,,,,,,,,2,,,,,2,
466,,,,,,,,,,,,1,,,1,
467,,,,,,,,,,,,1,,,1,
468,,,,,,,,,,,,1,,,1,
469,,,,,,,,,,,,1,,,1,
470,,,1,,,,,,,,,,,,1,
471,,,,,,,,,1,,,,,,1,
472,,,,,,,,,1,,,,,,1,
473,,,,,,,,,,,1,,,,1,
474,,,,,,,,,1,,,,,,1,
475,,,,,,,,,,,1,,,,1,
476,,,,,,,,,,,,1,,,1,
477,,,,,,,,,1,,,,,,1,
478,,,,,,,,,,,1,,,,1,
479,,,,,,,,,,,1,,,,1,
480,,,,,,,,,,1,,,,,1,
481,,,,,,,,,,,1,,,,1,
482,,,,,,,,,,,1,,,,1,
483,,,,,,,,,,,,1,,,1,
484,,,,,,,,,,,1,,,,1,
486,,,,,,,,,,,,1,,,1,
487,,,,,,,,,,,,1,,,1,
488,,,,,,,,,,,,1,,,1,
489,,,,,,,,,,,,1,,,1,
490,,,,,,,,,,,,,1,,1,
491,,,,,,,,,,,,,2,,2,
492,,,,,,,,,,,,,2,,2,
493,,,,,,,,,,,,,,2,2,
494,,,,,,,,,,,,,1,,1,
495,,,,,,,,,,,,,,2,2,
497,,,,,,,,,,,,,,2,2,
500,,,,,,,,,,,1,,,,1,
501,,,,,,2,,,,,,,,,2,
502,,,,,,1,,,,,,,,,1,
503,,,,,,1,,,,,,,,,1,
504,,,,,,2,,,,,,,,,2,
505,,,,,,1,,,,,,,,,1,
507,,,,,,,,,,,,,1,,1,
508,,,,,,,,,,,,,1,,1,
509,,,,,,,,,,,,,,2,2,
510,,,,,,1,,,,,,,,,1,
511,,,,,,,,,,,,,1,,1,
512,,,,,,,,,,,,,1,,1,
513,,,,,,,,,,,,,1,,1,
514,,,,,,,,,,,,,1,,1,
515,,,,,,,,,,,,,1,,1,
516,,,,,,,,,,,,,1,,1,
517,,,,,,,,,,,,,1,,1,
520,,,,,2,,,,,,,,,,2,
521,,,,,,,,,,,,,1,,1,
522,,,,,,,,,,,,,2,,2,
524,,,,,,,,,,,,,2,,2,
526,,,,,,,,,,,,,,1,1,
527,,,,,,,,,,,,,1,,1,
530,,,,,,,,,,,,,1,,1,
531,,,,,,,,,,,,,1,,1,
532,,,,,,,,,,,,,1,,1,
533,,,,,,,,,,,,,1,,1,
534,,,,,,,,,,,,,1,,1,
535,,,,,,,,,,,,,1,,1,
536,,,,,,,,,,,,,1,,1,
537,,,,,,,,,,,,,,1,1,
540,,,,,,1,,,,,,,,,1,
541,,,,,,,,,,,,,1,,1,
542,,,,,,,,,,,,,1,,1,
543,,,,,,,,,,,,,,1,1,
544,,,,,,,,,,,,,1,,1,
545,,,,,,,,,,,,,1,,1,
546,,,,,,,,,,,,,,2,2,
547,,,,,,,,,,,,,,1,1,
550,,,,,,,,,,,,,1,,1,
551,,,,,,,,,,,,,,2,2,
552,,,,,,,,,,,,,,1,1,
554,,,,,,,,,,,,,,2,2,
560,,,,,,,,,,,,,1,,1,
561,,,,,,,,,,,,,,1,1,
562,,,,,,,,,,,,,,2,2,
564,,,,,,,,,,,,,,1,1,
570,,,,,,2,,,,,,,,,2,
571,,,,,,,,,,,,,1,,1,
572,,,,,,,,,,,,,1,,1,
573,,,,,,,,,,,,,,1,1,
575,,,,,,,,,,,,,,1,1,
576,,,,,,,,,,,,,,1,1,
577,,,,,,,,,,,,,1,,1,
580,,,,,,,,,,,,,1,,1,
581,,,,,,,,,,,,,,1,1,
582,,,,,,,,,,,,,,1,1,
590,,,,,,,,,,,,,,1,1,
591,,,,,,,,,,,,,,1,1,
592,,,,,,,,,,,,,,3,3,
595,,,,,,,,,,,,,,1,1,
600,,,,,,,,,,,,,2,,2,
601,,,,,,,,,,,,,1,,1,
602,,,,,,,,,,,,,1,,1,
603,,,,,,,,,,,,,,2,2,
604,,,,,,,,,,,,,1,,1,
605,,,,,,,,,,,,,1,,1,
607,,,,,,,,,,,,,1,,1,
608,,,,,,,,,,,,,,1,1,
609,,,,,,,,,,,,,,2,2,
610,,,,,,,,,,,,,2,,2,
611,,,,,,,,,,,,,2,,2,
612,,,,,,,,,,,,,1,,1,
613,,,,,,,,,,,,,,1,1,
614,,,,,,,,,,,,,1,,1,
615,,,,,,,,,,,,,,1,1,
616,,,,,,,,,,,,,,1,1,
617,,,,,,,,,,,,,,3,3,
618,,,,,,,,,,,,,,1,1,
620,,,,,,,,,,,,,1,,1,
621,,,,,,,,,,,,,,1,1,
622,,,,,,,,,,,,,1,,1,
623,,,,,,,,,,,,,,2,2,
624,,,,,,,,,,,,,2,,2,
625,,,,,,,,,,,,,,2,2,
627,,,,,,,,,,,,,,1,1,
630,,,,,,,,,,,,,1,,1,
631,,,,,,,,,,,,,,1,1,
640,,,,,,,,,,,,,1,,1,
642,,,,,,,,,,,,,3,,3,
644,,,,,,,,,,,,,1,,1,
645,,,,,,,,,,,,,1,,1,
646,,,,,,,,,,,,,,2,2,
647,,,,,,,,,,,,,,1,1,
648,,,,,,,,,,,,,,1,1,
650,,,,,,,,,,,,,1,,1,
651,,,,,,,,,,,,,,2,2,
660,,,,,,,,,,,,,1,,1,
670,,,,,,,,,,,,,2,,2,
671,,,,,,,,,,,,,,1,1,
672,,,,,,,,,,,,,,1,1,
674,,,,,,,,,,,,,,1,1,
677,,,,,,,,,,,,,,1,1,
680,,,,,,,,,,,,,1,,1,
690,,,,,,,,,,,,,1,,1,
700,,,,,,1,,,,,,,,,1,
701,,,,,,1,,,,,,,,,1,
702,,,,,,1,,,,,,,,,1,
703,,,,,,1,,,,,,,,,1,
704,,,,,,1,,,,,,,,,1,
705,,,,,,,,,,,,,1,,1,
706,,,,,,,,,,,,,,2,2,
707,,,,,,,,,,,,,1,,1,
708,,,,,,,,,,,,,,1,1,
709,,,,,,,,,,,,,,1,1,
710,,,,,,1,,,,,,,,,1,
711,,,,,,,,,,,,,1,,1,
712,,,,,,,,,,,,,1,,1,
713,,,,,,,,,,,,,,1,1,
714,,,,,,,,,,,,,1,,1,
715,,,,,,,,,,,,,,2,2,
716,,,,,,,,,,,,,,1,1,
717,,,,,,,,,,,,,,1,1,
719,,,,,,,,,,1,,,,,1,
720,,,,,,2,,,,,,,,,2,
721,,,,,,,,,,,,,1,,1,
722,,,,,,,,,,,,,1,,1,
723,,,,,,,,,,,,,,1,1,
724,,,,,,,,,,,,,1,,1,
725,,,,,,,,,,,,,,1,1,
726,,,,,,,,,,,,,,1,1,
727,,,,,,,,,,,,,,1,1,
730,,,,,,,,,,,,,1,,1,
731,,,,,,,,,,,,,,1,1,
734,,,,,,,,,,,,,,1,1,
740,,,,,,2,,,,,,,,,2,
741,,,,,,,,,,,,,1,,1,
742,,,,,,,,,,,,,1,,1,
743,,,,,,,,,,,,,,1,1,
744,,,,,,,,,,,,,1,,1,
745,,,,,,,,,,,,,,1,1,
746,,,,,,,,,,,,,,1,1,
747,,,,,,,,,,,,,,1,1,
750,,,,,,,,,,,,,,2,2,
751,,,,,,,,,,,,,,1,1,
760,,,,,,1,,,,,,,,,1,
761,,,,,,,,,,,,,,2,2,
762,,,,,,,,,,,,,,1,1,
770,,,,,,1,,,,,,,,,1,
771,,,,,,1,,,,,,,,,1,
772,,,,,,1,,,,,,,,,1,
774,,,,,,1,,,,,,,,,1,
777,,,,,,,,,,1,,,,,1,
780,,,,,,1,,,,,,,,,1,
790,,,,,,1,,,,,,,,,1,
800,,,,,,2,,,,,,,,,2,
801,,,,,,,,,,,,,1,,1,
802,,,,,,,,,,,,,1,,1,
804,,,,,,,,,,,,,1,,1,
807,,,,,,,,,,,,,,1,1,
840,,,,,,,,,,,,1,,,1,
841,,,,,,,,,,,,,,2,2,
850,,,,,,,,,,,,,,2,2,
880,,,,,,,,,,,,,,1,1,
900,,,,,1,,,,,,,,,,1,
901,,,,,1,,,,,,,,,,1,
902,,,,,1,,,,,,,,,,1,
903,,,,,1,,,,,,,,,,1,
904,,,,,1,,,,,,,,,,1,
905,,,,,,,,,,,,,,1,1,
906,,,,,,,,,,,,,,1,1,
910,,,,,1,,,,,,,,,,1,
911,,,,,,,,,,,,,,1,1,
912,,,,,,,,,,,,,,1,1,
914,,,,,,,,,,,,,,1,1,
917,,,,,,,,,,,,,,1,1,
920,,,,,1,,,,,,,,,,1,
940,,,,,,,,,,,,,,2,2,
960,,,,,,,,,,,,,2,,2,
970,,,,,,,,,,,,,,1,1,
1000,,,,1,,,,,,,,,,,1,
1001,,,,,1,,,,,,,,,,1,
1002,,,,,1,,,,,,,,,,1,
1004,,,,,1,,,,,,,,,,1,
1005,,,,,,,,,,,1,,,,1,
1007,,,,,,,,,,,,,1,,1,
1009,,,,,,,,,,1,,,,,1,
1011,,,,,,,,,,,,1,,,1,
1021,,,,,,,,,,,,,1,,1,
1024,,,,,,,,,,,,1,,,1,
1078,,,,,,,,,,,,1,,,1,
1103,,,,,1,,,,,,,,,,1,
1110,,,,,1,,,,,,,,,,1,
1135,,,,,1,,,,,,,,,,1,
1300,,,,,,1,,,,,,,,,1,
1301,,,,,,1,,,,,,,,,1,
1302,,,,,,1,,,,,,,,,1,
1304,,,,,,1,,,,,,,,,1,
1306,,,,,,,,,,,,,,2,2,
1310,,,,,,1,,,,,,,,,1,
1320,,,,,,1,,,,,,,,,1,
1338,,,,,,,,,,,,1,,,1,
1340,,,,,,1,,,,,,,,,1,
1400,,,,,1,,,,,,,,,,1,
1401,,,,,1,,,,,,,,,,1,
1402,,,,,1,,,,,,,,,,1,
1404,,,,,1,,,,,,,,,,1,
1420,,,,,,,,,,,,,,1,1,
1500,,,,,,1,,,,,,,,,1,
1501,,,,,,1,,,,,,,,,1,
1502,,,,,,1,,,,,,,,,1,
1504,,,,,,1,,,,,,,,,1,
1540,,,,,,2,,,,,,,,,2,
1700,,,,,1,,,,,,,,,,1,
1701,,,,,,1,,,,,,,,,1,
1702,,,,,,2,,,,,,,,,2,
1703,,,,,,1,,,,,,,,,1,
1704,,,,,,1,,,,,,,,,1,
2000,,,,1,,,,,,,,,,,1,
2001,,,,,,1,,,,,,,,,1,
2002,,,,,1,,,,,,,,,,1,
2003,,,,,1,,,,,,,,,,1,
2004,,,,,1,,,,,,,,,,1,
2005,,,,,1,,,,,,,,,,1,
2006,,,,,1,,,,,,,,,,1,
2007,,,,,,,,,,,,,1,,1,
2010,,,,,1,,,,,,,,,,1,
2020,,,,,1,,,,,,,,,,1,
2021,,,,,,1,,,,,,,,,1,
2022,,,,,,2,,,,,,,,,2,
2024,,,,,,1,,,,,,,,,1,
2025,,,,,1,,,,,,,,,,1,
2030,,,,,1,,,,,,,,,,1,
2040,,,,,1,,,,,,,,,,1,
2060,,,,,1,,,,,,,,,,1,
2100,,,,,1,,,,,,,,,,1,
2101,,,,,1,,,,,,,,,,1,
2102,,,,,1,,,,,,,,,,1,
2112,,,,,1,,,,,,,,,,1,
2200,,,,,1,,,,,,,,,,1,
2202,,,,,2,,,,,,,,,,2,
2204,,,,,2,,,,,,,,,,2,
2220,,,,,2,,,,,,,,,,2,
2400,,,,,1,,,,,,,,,,1,
2401,,,,,1,,,,,,,,,,1,
2402,,,,,,2,,,,,,,,,2,
2404,,,,,,1,,,,,,,,,1,
2700,,,,,1,,,,,,,,,,1,
3000,,,,1,,,,,,,,,,,1,
3002,,,,,1,,,,,,,,,,1,
3004,,,,,1,,,,,,,,,,1,
3010,,,,,1,,,,,,,,,,1,
3020,,,,,1,,,,,,,,,,1,
3040,,,,,1,,,,,,,,,,1,
3100,,,,,1,,,,,,,,,,1,
3101,,,,,1,,,,,,,,,,1,
3200,,,,,1,,,,,,,,,,1,
3400,,,,,1,,,,,,,,,,1,
3700,,,,,2,,,,,,,,,,2,
4000,,,,1,,,,,,,,,,,1,
4001,,,,,1,,,,,,,,,,1,
4002,,,,,1,,,,,,,,,,1,
4003,,,,,,2,,,,,,,,,2,
4004,,,,,,1,,,,,,,,,1,
4006,,,,,1,,,,,,,,,,1,
4010,,,,,,1,,,,,,,,,1,
4100,,,,,1,,,,,,,,,,1,
4112,,,,,1,,,,,,,,,,1,
4400,,,,,1,,,,,,,,,,1,
4440,,,,,1,,,,,,,,,,1,
5000,,,,,1,,,,,,,,,,1,
5002,,,,,2,,,,,,,,,,2,
5010,,,,,1,,,,,,,,,,1,
5040,,,,,1,,,,,,,,,,1,
5400,,,,,1,,,,,,,,,,1,
6000,,,,1,,,,,,,,,,,1,
6001,,,,,,1,,,,,,,,,1,
6002,,,,,,1,,,,,,,,,1,
7194,,,,,1,,,,,,,,,,1,
300+40+70+1,,,,,,,,,,,,1,,,1,
Grand Total,49,32,24,49,143,65,3,14,73,35,28,86,100,106,807,